Date,Open,High,Low,Close,Volume
2010-07-18,0.0,0.1,0.1,0.1,
2010-07-19,0.1,0.1,0.1,0.1,
2010-07-20,0.1,0.1,0.1,0.1,
2010-07-21,0.1,0.1,0.1,0.1,
2010-07-22,0.1,0.1,0.1,0.1,
2010-07-23,0.1,0.1,0.1,0.1,
2010-07-24,0.1,0.1,0.1,0.1,
2010-07-25,0.1,0.1,0.1,0.1,
2010-07-26,0.1,0.1,0.1,0.1,
2010-07-27,0.1,0.1,0.1,0.1,
2010-07-28,0.1,0.1,0.1,0.1,
2010-07-29,0.1,0.1,0.1,0.1,
2010-07-30,0.1,0.1,0.1,0.1,
2010-07-31,0.1,0.1,0.1,0.1,
2010-08-01,0.1,0.1,0.1,0.1,
2010-08-02,0.1,0.1,0.1,0.1,
2010-08-03,0.1,0.1,0.1,0.1,
2010-08-04,0.1,0.1,0.1,0.1,
2010-08-05,0.1,0.1,0.1,0.1,
2010-08-06,0.1,0.1,0.1,0.1,
2010-08-07,0.1,0.1,0.1,0.1,
2010-08-08,0.1,0.1,0.1,0.1,
2010-08-09,0.1,0.1,0.1,0.1,
2010-08-10,0.1,0.1,0.1,0.1,
2010-08-11,0.1,0.1,0.1,0.1,
2010-08-12,0.1,0.1,0.1,0.1,
2010-08-13,0.1,0.1,0.1,0.1,
2010-08-14,0.1,0.1,0.1,0.1,
2010-08-15,0.1,0.1,0.1,0.1,
2010-08-16,0.1,0.1,0.1,0.1,
2010-08-17,0.1,0.1,0.1,0.1,
2010-08-18,0.1,0.1,0.1,0.1,
2010-08-19,0.1,0.1,0.1,0.1,
2010-08-20,0.1,0.1,0.1,0.1,
2010-08-21,0.1,0.1,0.1,0.1,
2010-08-22,0.1,0.1,0.1,0.1,
2010-08-23,0.1,0.1,0.1,0.1,
2010-08-24,0.1,0.1,0.1,0.1,
2010-08-25,0.1,0.1,0.1,0.1,
2010-08-26,0.1,0.1,0.1,0.1,
2010-08-27,0.1,0.1,0.1,0.1,
2010-08-28,0.1,0.1,0.1,0.1,
2010-08-29,0.1,0.1,0.1,0.1,
2010-08-30,0.1,0.1,0.0,0.1,
2010-08-31,0.1,0.1,0.1,0.1,
2010-09-01,0.1,0.1,0.1,0.1,
2010-09-02,0.1,0.1,0.1,0.1,
2010-09-03,0.1,0.1,0.1,0.1,
2010-09-04,0.1,0.1,0.1,0.1,
2010-09-05,0.1,0.1,0.1,0.1,
2010-09-06,0.1,0.1,0.1,0.1,
2010-09-07,0.1,0.1,0.1,0.1,
2010-09-08,0.1,0.1,0.1,0.1,
2010-09-09,0.1,0.1,0.1,0.1,
2010-09-10,0.1,0.1,0.1,0.1,
2010-09-11,0.1,0.1,0.1,0.1,
2010-09-12,0.1,0.1,0.1,0.1,
2010-09-13,0.1,0.1,0.1,0.1,
2010-09-14,0.1,0.2,0.1,0.1,
2010-09-15,0.1,0.1,0.1,0.1,
2010-09-16,0.1,0.1,0.1,0.1,
2010-09-17,0.1,0.1,0.1,0.1,
2010-09-18,0.1,0.1,0.1,0.1,
2010-09-19,0.1,0.1,0.1,0.1,
2010-09-20,0.1,0.1,0.1,0.1,
2010-09-21,0.1,0.1,0.1,0.1,
2010-09-22,0.1,0.1,0.1,0.1,
2010-09-23,0.1,0.1,0.1,0.1,
2010-09-24,0.1,0.1,0.1,0.1,
2010-09-25,0.1,0.1,0.1,0.1,
2010-09-26,0.1,0.1,0.1,0.1,
2010-09-27,0.1,0.1,0.1,0.1,
2010-09-28,0.1,0.1,0.1,0.1,
2010-09-29,0.1,0.1,0.1,0.1,
2010-09-30,0.1,0.1,0.1,0.1,
2010-10-01,0.1,0.1,0.1,0.1,
2010-10-02,0.1,0.1,0.1,0.1,
2010-10-03,0.1,0.1,0.1,0.1,
2010-10-04,0.1,0.1,0.1,0.1,
2010-10-05,0.1,0.1,0.1,0.1,
2010-10-06,0.1,0.1,0.1,0.1,
2010-10-07,0.1,0.1,0.1,0.1,
2010-10-08,0.1,0.1,0.0,0.1,
2010-10-09,0.1,0.1,0.1,0.1,
2010-10-10,0.1,0.1,0.1,0.1,
2010-10-11,0.1,0.1,0.1,0.1,
2010-10-12,0.1,0.1,0.1,0.1,
2010-10-13,0.1,0.1,0.1,0.1,
2010-10-14,0.1,0.1,0.1,0.1,
2010-10-15,0.1,0.1,0.1,0.1,
2010-10-16,0.1,0.1,0.1,0.1,
2010-10-17,0.1,0.1,0.1,0.1,
2010-10-18,0.1,0.1,0.1,0.1,
2010-10-19,0.1,0.1,0.1,0.1,
2010-10-20,0.1,0.1,0.1,0.1,
2010-10-21,0.1,0.1,0.1,0.1,
2010-10-22,0.1,0.1,0.1,0.1,
2010-10-23,0.1,0.1,0.1,0.1,
2010-10-24,0.1,0.2,0.1,0.1,
2010-10-25,0.1,0.2,0.1,0.1,
2010-10-26,0.1,0.2,0.1,0.2,
2010-10-27,0.2,0.2,0.2,0.2,
2010-10-28,0.2,0.2,0.2,0.2,
2010-10-29,0.2,0.2,0.2,0.2,
2010-10-30,0.2,0.2,0.2,0.2,
2010-10-31,0.2,0.2,0.2,0.2,
2010-11-01,0.2,0.2,0.2,0.2,
2010-11-02,0.2,0.2,0.2,0.2,
2010-11-03,0.2,0.3,0.1,0.2,
2010-11-04,0.2,0.2,0.2,0.2,
2010-11-05,0.2,0.3,0.2,0.3,
2010-11-06,0.3,0.5,0.2,0.4,
2010-11-07,0.4,0.5,0.3,0.3,
2010-11-08,0.3,0.4,0.2,0.2,
2010-11-09,0.2,0.3,0.2,0.2,
2010-11-10,0.2,0.2,0.1,0.2,
2010-11-11,0.2,0.2,0.2,0.2,
2010-11-12,0.2,0.3,0.2,0.3,
2010-11-13,0.3,0.3,0.3,0.3,
2010-11-14,0.3,0.3,0.3,0.3,
2010-11-15,0.3,0.3,0.3,0.3,
2010-11-16,0.3,0.3,0.2,0.2,
2010-11-17,0.2,0.3,0.2,0.2,
2010-11-18,0.2,0.3,0.2,0.3,
2010-11-19,0.3,0.3,0.3,0.3,
2010-11-20,0.3,0.3,0.3,0.3,
2010-11-21,0.3,0.3,0.3,0.3,
2010-11-22,0.3,0.3,0.3,0.3,
2010-11-23,0.3,0.3,0.3,0.3,
2010-11-24,0.3,0.3,0.3,0.3,
2010-11-25,0.3,0.3,0.3,0.3,
2010-11-26,0.3,0.3,0.3,0.3,
2010-11-27,0.3,0.3,0.3,0.3,
2010-11-28,0.3,0.3,0.3,0.3,
2010-11-29,0.3,0.3,0.2,0.2,
2010-11-30,0.2,0.2,0.2,0.2,
2010-12-01,0.2,0.2,0.2,0.2,
2010-12-02,0.2,0.3,0.2,0.3,
2010-12-03,0.3,0.3,0.2,0.3,
2010-12-04,0.3,0.3,0.2,0.2,
2010-12-05,0.2,0.2,0.2,0.2,
2010-12-06,0.2,0.2,0.2,0.2,
2010-12-07,0.2,0.2,0.2,0.2,
2010-12-08,0.2,0.2,0.2,0.2,
2010-12-09,0.2,0.2,0.2,0.2,
2010-12-10,0.2,0.2,0.2,0.2,
2010-12-11,0.2,0.2,0.2,0.2,
2010-12-12,0.2,0.2,0.2,0.2,
2010-12-13,0.2,0.2,0.2,0.2,
2010-12-14,0.2,0.2,0.2,0.2,
2010-12-15,0.2,0.2,0.2,0.2,
2010-12-16,0.2,0.3,0.2,0.3,
2010-12-17,0.3,0.2,0.2,0.2,
2010-12-18,0.2,0.2,0.2,0.2,
2010-12-19,0.2,0.2,0.2,0.2,
2010-12-20,0.2,0.3,0.2,0.3,
2010-12-21,0.3,0.3,0.2,0.2,
2010-12-22,0.2,0.3,0.2,0.3,
2010-12-23,0.3,0.3,0.2,0.3,
2010-12-24,0.3,0.3,0.2,0.2,
2010-12-25,0.2,0.3,0.2,0.2,
2010-12-26,0.2,0.3,0.2,0.3,
2010-12-27,0.3,0.3,0.3,0.3,
2010-12-28,0.3,0.3,0.3,0.3,
2010-12-29,0.3,0.3,0.3,0.3,
2010-12-30,0.3,0.3,0.3,0.3,
2010-12-31,0.3,0.3,0.3,0.3,
2011-01-01,0.3,0.3,0.3,0.3,
2011-01-02,0.3,0.3,0.3,0.3,
2011-01-03,0.3,0.3,0.3,0.3,
2011-01-04,0.3,0.3,0.3,0.3,
2011-01-05,0.3,0.3,0.3,0.3,
2011-01-06,0.3,0.3,0.3,0.3,
2011-01-07,0.3,0.3,0.3,0.3,
2011-01-08,0.3,0.3,0.3,0.3,
2011-01-09,0.3,0.3,0.3,0.3,
2011-01-10,0.3,0.3,0.3,0.3,
2011-01-11,0.3,0.3,0.3,0.3,
2011-01-12,0.3,0.4,0.3,0.3,
2011-01-13,0.3,0.4,0.3,0.3,
2011-01-14,0.3,0.4,0.3,0.4,
2011-01-15,0.4,0.4,0.4,0.4,
2011-01-16,0.4,0.4,0.4,0.4,
2011-01-17,0.4,0.4,0.3,0.3,
2011-01-18,0.3,0.3,0.3,0.3,
2011-01-19,0.3,0.3,0.3,0.3,
2011-01-20,0.3,0.4,0.3,0.4,
2011-01-21,0.4,0.4,0.4,0.4,
2011-01-22,0.4,0.4,0.4,0.4,
2011-01-23,0.4,0.4,0.4,0.4,
2011-01-24,0.4,0.4,0.4,0.4,
2011-01-25,0.4,0.4,0.4,0.4,
2011-01-26,0.4,0.4,0.4,0.4,
2011-01-27,0.4,0.4,0.4,0.4,
2011-01-28,0.4,0.4,0.4,0.4,
2011-01-29,0.4,0.4,0.4,0.4,
2011-01-30,0.4,0.5,0.4,0.5,
2011-01-31,0.5,0.9,0.5,0.5,
2011-02-01,0.5,0.9,0.5,0.7,
2011-02-02,0.7,0.8,0.7,0.7,
2011-02-03,0.7,0.8,0.7,0.7,
2011-02-04,0.7,0.9,0.7,0.8,
2011-02-05,0.8,0.9,0.8,0.9,
2011-02-06,0.9,0.9,0.8,0.9,
2011-02-07,0.9,0.9,0.8,0.9,
2011-02-08,0.9,0.9,0.9,0.9,
2011-02-09,0.9,1.1,0.8,1.1,
2011-02-10,1.1,1.1,0.8,1.0,
2011-02-11,1.0,1.1,0.9,1.1,
2011-02-12,1.1,1.1,1.0,1.1,
2011-02-13,1.1,1.1,1.0,1.0,
2011-02-14,1.0,1.1,1.0,1.1,
2011-02-15,1.1,1.1,1.0,1.0,
2011-02-16,1.0,1.0,1.0,1.0,
2011-02-17,1.0,1.0,1.0,1.0,
2011-02-18,1.0,1.0,0.8,0.9,
2011-02-19,0.9,1.0,0.8,0.9,
2011-02-20,0.9,0.9,0.8,0.9,
2011-02-21,0.9,0.9,0.8,0.8,
2011-02-22,0.8,0.9,0.8,0.9,
2011-02-23,0.9,0.9,0.9,0.9,
2011-02-24,0.9,1.0,0.9,1.0,
2011-02-25,1.0,1.0,0.9,0.9,
2011-02-26,0.9,1.0,0.9,1.0,
2011-02-27,1.0,1.0,0.9,0.9,
2011-02-28,0.9,0.9,0.8,0.9,
2011-03-01,0.9,1.0,0.9,0.9,
2011-03-02,0.9,0.9,0.9,0.9,
2011-03-03,0.9,0.9,0.9,0.9,
2011-03-04,0.9,0.9,0.9,0.9,
2011-03-05,0.9,0.9,0.8,0.9,
2011-03-06,0.9,0.9,0.8,0.9,
2011-03-07,0.9,0.9,0.8,0.9,
2011-03-08,0.9,0.9,0.9,0.9,
2011-03-09,0.9,0.9,0.9,0.9,
2011-03-10,0.9,0.9,0.8,0.9,
2011-03-11,0.9,0.9,0.9,0.9,
2011-03-12,0.9,0.9,0.9,0.9,
2011-03-13,0.9,0.9,0.9,0.9,
2011-03-14,0.9,0.9,0.9,0.9,
2011-03-15,0.9,0.9,0.9,0.9,
2011-03-16,0.9,0.9,0.8,0.9,
2011-03-17,0.9,0.9,0.8,0.8,
2011-03-18,0.8,0.9,0.7,0.8,
2011-03-19,0.8,0.8,0.7,0.8,
2011-03-20,0.8,0.8,0.7,0.7,
2011-03-21,0.7,0.8,0.7,0.8,
2011-03-22,0.8,0.8,0.7,0.8,
2011-03-23,0.8,0.9,0.8,0.8,
2011-03-24,0.8,0.9,0.8,0.9,
2011-03-25,0.9,0.9,0.9,0.9,
2011-03-26,0.9,0.9,0.8,0.9,
2011-03-27,0.9,0.9,0.8,0.8,
2011-03-28,0.8,0.9,0.8,0.8,
2011-03-29,0.8,0.8,0.8,0.8,
2011-03-30,0.8,0.8,0.8,0.8,
2011-03-31,0.8,0.8,0.8,0.8,
2011-04-01,0.8,0.8,0.8,0.8,
2011-04-02,0.8,0.8,0.8,0.8,
2011-04-03,0.8,0.8,0.8,0.8,
2011-04-04,0.8,0.8,0.6,0.7,
2011-04-05,0.7,0.7,0.6,0.7,
2011-04-06,0.7,0.8,0.7,0.7,
2011-04-07,0.7,0.8,0.7,0.8,
2011-04-08,0.8,0.8,0.7,0.8,
2011-04-09,0.8,0.8,0.7,0.7,
2011-04-10,0.7,0.8,0.7,0.7,
2011-04-11,0.7,0.8,0.7,0.8,
2011-04-12,0.8,0.9,0.8,0.9,
2011-04-13,0.9,1.0,0.9,0.9,
2011-04-14,0.9,1.0,0.9,1.0,
2011-04-15,1.0,1.1,0.9,1.0,
2011-04-16,1.0,1.1,1.0,1.0,
2011-04-17,1.0,1.1,1.0,1.1,
2011-04-18,1.1,1.2,1.1,1.2,
2011-04-19,1.2,1.2,1.1,1.2,
2011-04-20,1.2,1.2,1.1,1.1,
2011-04-21,1.1,1.2,1.1,1.2,
2011-04-22,1.2,1.4,1.2,1.4,
2011-04-23,1.4,2.0,1.3,1.7,
2011-04-24,1.7,2.0,1.6,1.6,
2011-04-25,1.6,1.7,1.5,1.6,
2011-04-26,1.6,1.8,1.5,1.8,
2011-04-27,1.8,2.0,1.7,1.9,
2011-04-28,1.9,2.7,1.7,2.2,
2011-04-29,2.2,3.0,2.2,2.9,
2011-04-30,2.9,4.2,2.8,3.5,
2011-05-01,3.5,3.9,2.5,3.0,
2011-05-02,3.0,3.5,3.0,3.2,
2011-05-03,3.2,3.5,3.1,3.4,
2011-05-04,3.4,3.6,3.3,3.4,
2011-05-05,3.4,3.5,3.3,3.3,
2011-05-06,3.3,3.6,3.3,3.5,
2011-05-07,3.5,3.7,3.4,3.6,
2011-05-08,3.6,3.9,3.6,3.9,
2011-05-09,3.9,3.9,3.7,3.8,
2011-05-10,3.8,6.0,3.8,5.8,
2011-05-11,5.8,6.1,4.6,5.5,
2011-05-12,5.5,6.5,5.2,6.3,
2011-05-13,6.3,8.4,6.3,8.2,
2011-05-14,8.2,8.9,5.8,7.2,
2011-05-15,7.2,7.8,6.2,7.0,
2011-05-16,7.0,8.5,6.8,8.0,
2011-05-17,8.0,8.4,7.0,7.2,
2011-05-18,7.2,7.5,6.6,6.9,
2011-05-19,6.9,7.3,6.6,6.8,
2011-05-20,6.8,7.1,5.6,5.6,
2011-05-21,5.6,6.5,5.6,6.1,
2011-05-22,6.1,6.8,6.0,6.7,
2011-05-23,6.7,7.4,6.7,7.2,
2011-05-24,7.2,7.5,7.0,7.4,
2011-05-25,7.4,9.3,7.2,8.4,
2011-05-26,8.4,9.0,8.0,8.8,
2011-05-27,8.8,8.8,8.5,8.5,
2011-05-28,8.5,8.7,8.1,8.3,
2011-05-29,8.3,8.5,8.1,8.4,
2011-05-30,8.4,9.0,8.3,8.8,
2011-05-31,8.8,9.5,8.1,8.7,
2011-06-01,8.7,9.7,8.3,9.6,
2011-06-02,9.6,10.9,9.5,10.6,
2011-06-03,10.6,14.5,10.6,14.3,
2011-06-04,14.3,18.9,14.0,18.9,
2011-06-05,18.9,19.0,16.2,16.7,
2011-06-06,16.7,19.2,16.5,18.5,
2011-06-07,18.5,24.3,18.3,23.9,
2011-06-08,23.9,31.9,22.2,29.6,
2011-06-09,29.6,31.5,26.1,28.9,
2011-06-10,28.9,29.4,20.0,24.0,
2011-06-11,24.0,24.0,13.0,14.6,
2011-06-12,14.6,25.0,10.3,18.5,
2011-06-13,18.5,24.5,16.0,19.8,
2011-06-14,19.8,20.5,18.0,19.3,
2011-06-15,19.3,20.0,19.0,19.5,
2011-06-16,19.5,19.9,17.0,17.0,
2011-06-17,17.0,18.3,13.0,15.7,
2011-06-18,15.7,17.0,15.1,16.9,
2011-06-19,16.9,18.9,16.9,17.5,
2011-06-20,17.5,17.5,17.5,17.5,
2011-06-21,17.5,17.5,17.5,17.5,
2011-06-22,17.5,17.5,17.5,17.5,
2011-06-23,17.5,17.5,17.5,17.5,
2011-06-24,17.5,17.5,17.5,17.5,
2011-06-25,17.5,17.5,17.5,17.5,
2011-06-26,17.5,17.5,14.0,16.5,
2011-06-27,16.5,18.0,15.0,16.8,
2011-06-28,16.8,17.5,16.5,17.0,
2011-06-29,17.0,17.2,16.7,16.9,
2011-06-30,16.9,17.0,15.7,16.1,
2011-07-01,16.1,16.7,15.3,15.4,
2011-07-02,15.4,15.8,15.3,15.4,
2011-07-03,15.4,15.7,15.3,15.4,
2011-07-04,15.4,15.5,13.1,13.9,
2011-07-05,13.9,15.0,11.0,12.9,
2011-07-06,12.9,16.5,12.7,14.8,
2011-07-07,14.8,15.9,14.5,14.8,
2011-07-08,14.8,15.6,13.9,14.3,
2011-07-09,14.3,14.7,14.0,14.4,
2011-07-10,14.4,15.7,14.4,14.9,
2011-07-11,14.9,15.2,13.8,14.2,
2011-07-12,14.2,14.6,13.9,14.0,
2011-07-13,14.0,14.1,13.9,13.9,
2011-07-14,13.9,14.1,13.7,14.0,
2011-07-15,14.0,14.1,13.5,13.8,
2011-07-16,13.8,13.8,13.5,13.7,
2011-07-17,13.7,13.8,13.0,13.2,
2011-07-18,13.2,13.9,12.5,13.5,
2011-07-19,13.5,14.7,13.4,13.9,
2011-07-20,13.9,14.0,13.4,13.7,
2011-07-21,13.7,13.8,13.4,13.6,
2011-07-22,13.6,13.8,13.4,13.7,
2011-07-23,13.7,13.8,13.5,13.7,
2011-07-24,13.7,14.1,13.6,14.0,
2011-07-25,14.0,14.7,13.8,14.1,
2011-07-26,14.1,14.1,13.8,13.9,
2011-07-27,13.9,14.1,13.9,13.9,
2011-07-28,13.9,13.9,13.3,13.5,
2011-07-29,13.5,13.7,13.3,13.5,
2011-07-30,13.5,13.6,13.4,13.5,
2011-07-31,13.5,14.9,12.8,13.4,
2011-08-01,13.4,13.6,12.9,13.1,
2011-08-02,13.1,13.1,11.5,12.1,
2011-08-03,12.1,12.2,8.7,9.3,
2011-08-04,9.3,11.1,9.3,10.8,
2011-08-05,10.8,11.0,9.5,9.8,
2011-08-06,9.8,9.9,5.7,6.6,
2011-08-07,6.6,9.5,6.0,7.9,
2011-08-08,7.9,8.2,7.1,7.8,
2011-08-09,7.8,12.1,7.7,10.0,
2011-08-10,10.0,10.4,9.5,10.0,
2011-08-11,10.0,10.5,8.4,9.5,
2011-08-12,9.5,9.8,8.9,9.5,
2011-08-13,9.5,10.3,9.3,10.1,
2011-08-14,10.1,11.2,9.6,10.8,
2011-08-15,10.8,11.9,10.7,11.1,
2011-08-16,11.1,11.3,10.8,11.0,
2011-08-17,11.0,11.1,10.7,10.9,
2011-08-18,10.9,11.1,10.8,10.8,
2011-08-19,10.8,11.8,10.8,11.6,
2011-08-20,11.6,11.7,11.4,11.4,
2011-08-21,11.4,11.5,11.3,11.3,
2011-08-22,11.3,11.5,10.5,10.9,
2011-08-23,10.9,11.3,10.8,10.9,
2011-08-24,10.9,11.1,10.8,10.9,
2011-08-25,10.9,10.9,9.1,9.7,
2011-08-26,9.7,9.9,7.6,8.2,
2011-08-27,8.2,9.1,8.1,8.6,
2011-08-28,8.6,9.5,8.4,9.1,
2011-08-29,9.1,9.3,8.6,9.0,
2011-08-30,9.0,9.0,8.6,8.8,
2011-08-31,8.8,8.8,8.0,8.2,
2011-09-01,8.2,8.4,8.1,8.2,
2011-09-02,8.2,8.7,8.2,8.6,
2011-09-03,8.6,8.7,8.4,8.5,
2011-09-04,8.5,8.5,7.8,8.2,
2011-09-05,8.2,8.2,7.3,7.6,
2011-09-06,7.6,7.7,6.1,6.9,
2011-09-07,6.9,7.6,6.5,7.2,
2011-09-08,7.2,7.2,6.5,6.5,
2011-09-09,6.5,6.6,4.2,5.0,
2011-09-10,5.0,5.5,4.6,4.8,
2011-09-11,4.8,7.4,4.6,5.9,
2011-09-12,5.9,6.6,5.4,6.1,
2011-09-13,6.1,6.1,5.7,5.8,
2011-09-14,5.8,5.8,5.3,5.6,
2011-09-15,5.6,5.6,4.4,4.8,
2011-09-16,4.8,5.0,4.6,4.8,
2011-09-17,4.8,4.9,4.7,4.8,
2011-09-18,4.8,5.6,4.7,5.2,
2011-09-19,5.2,5.6,4.9,5.5,
2011-09-20,5.5,6.8,5.4,6.1,
2011-09-21,6.1,6.3,5.1,5.6,
2011-09-22,5.6,5.8,5.3,5.4,
2011-09-23,5.4,5.7,5.4,5.6,
2011-09-24,5.6,5.6,5.3,5.5,
2011-09-25,5.5,5.5,5.3,5.3,
2011-09-26,5.3,5.4,4.7,4.9,
2011-09-27,4.9,5.1,4.8,4.9,
2011-09-28,4.9,5.0,4.6,4.8,
2011-09-29,4.8,4.8,4.7,4.8,
2011-09-30,4.8,5.3,4.7,5.1,
2011-10-01,5.1,5.3,4.9,5.0,
2011-10-02,5.0,5.1,4.9,5.0,
2011-10-03,5.0,5.0,4.9,5.0,
2011-10-04,5.0,5.0,4.9,5.0,
2011-10-05,5.0,5.0,4.8,4.9,
2011-10-06,4.9,4.9,4.5,4.7,
2011-10-07,4.7,4.8,3.8,4.3,
2011-10-08,4.3,4.3,3.8,4.0,
2011-10-09,4.0,4.4,4.0,4.1,
2011-10-10,4.1,4.2,4.0,4.1,
2011-10-11,4.1,4.1,3.8,3.9,
2011-10-12,3.9,4.4,3.9,4.2,
2011-10-13,4.2,4.2,4.0,4.1,
2011-10-14,4.1,4.1,4.0,4.0,
2011-10-15,4.0,4.1,3.7,3.8,
2011-10-16,3.8,3.9,3.4,3.6,
2011-10-17,3.6,3.7,2.3,2.6,
2011-10-18,2.6,2.9,2.3,2.4,
2011-10-19,2.4,2.5,2.0,2.3,
2011-10-20,2.3,2.4,2.2,2.3,
2011-10-21,2.3,2.7,2.3,2.6,
2011-10-22,2.6,3.3,2.5,3.2,
2011-10-23,3.2,3.2,3.0,3.2,
2011-10-24,3.2,3.2,2.5,2.5,
2011-10-25,2.5,3.0,2.4,2.8,
2011-10-26,2.8,2.8,2.7,2.8,
2011-10-27,2.8,3.1,2.7,3.0,
2011-10-28,3.0,3.3,2.9,3.2,
2011-10-29,3.2,3.8,3.1,3.6,
2011-10-30,3.6,3.7,3.2,3.3,
2011-10-31,3.3,3.3,3.1,3.3,
2011-11-01,3.3,3.3,3.1,3.2,
2011-11-02,3.2,3.4,3.1,3.3,
2011-11-03,3.3,3.3,3.1,3.2,
2011-11-04,3.2,3.2,3.0,3.1,
2011-11-05,3.1,3.2,2.8,3.0,
2011-11-06,3.0,3.0,2.9,3.0,
2011-11-07,3.0,3.0,3.0,3.0,
2011-11-08,3.0,3.2,3.0,3.0,
2011-11-09,3.0,3.1,2.9,3.0,
2011-11-10,3.0,3.0,2.8,2.8,
2011-11-11,2.8,3.1,2.8,3.1,
2011-11-12,3.1,3.1,3.0,3.0,
2011-11-13,3.0,3.0,3.0,3.0,
2011-11-14,3.0,3.0,2.1,2.2,
2011-11-15,2.2,2.5,2.1,2.3,
2011-11-16,2.3,2.6,2.3,2.6,
2011-11-17,2.6,2.6,2.0,2.3,
2011-11-18,2.3,2.4,2.0,2.0,
2011-11-19,2.0,2.3,2.0,2.2,
2011-11-20,2.2,2.5,2.2,2.2,
2011-11-21,2.2,2.3,2.2,2.3,
2011-11-22,2.3,2.3,2.3,2.3,
2011-11-23,2.3,2.4,2.3,2.3,
2011-11-24,2.3,2.6,2.3,2.4,
2011-11-25,2.4,2.5,2.4,2.5,
2011-11-26,2.5,2.5,2.4,2.5,
2011-11-27,2.5,2.5,2.4,2.5,
2011-11-28,2.5,2.5,2.4,2.5,
2011-11-29,2.5,3.0,2.5,2.8,
2011-11-30,2.8,3.1,2.7,3.0,
2011-12-01,3.0,3.1,2.9,3.1,
2011-12-02,3.1,3.1,3.0,3.1,
2011-12-03,3.1,3.1,2.8,2.8,
2011-12-04,2.8,2.9,2.6,2.8,
2011-12-05,2.8,2.9,2.8,2.9,
2011-12-06,2.9,3.0,2.9,3.0,
2011-12-07,3.0,3.1,2.9,3.0,
2011-12-08,3.0,3.0,2.9,3.0,
2011-12-09,3.0,3.0,2.9,3.0,
2011-12-10,3.0,3.1,2.9,3.0,
2011-12-11,3.0,3.4,3.0,3.3,
2011-12-12,3.3,3.3,3.1,3.1,
2011-12-13,3.1,3.3,3.1,3.3,
2011-12-14,3.3,3.3,3.0,3.2,
2011-12-15,3.2,3.2,3.1,3.2,
2011-12-16,3.2,3.2,3.2,3.2,
2011-12-17,3.2,3.2,3.2,3.2,
2011-12-18,3.2,3.2,3.2,3.2,
2011-12-19,3.2,3.7,3.2,3.5,
2011-12-20,3.5,4.5,3.5,4.0,
2011-12-21,4.0,4.0,3.8,3.9,
2011-12-22,3.9,4.0,3.5,3.9,
2011-12-23,3.9,4.0,3.8,4.0,
2011-12-24,4.0,4.0,3.9,3.9,
2011-12-25,3.9,4.4,3.8,4.2,
2011-12-26,4.2,4.3,3.8,4.0,
2011-12-27,4.0,4.1,4.0,4.1,
2011-12-28,4.1,4.3,4.0,4.2,
2011-12-29,4.2,4.3,4.1,4.2,
2011-12-30,4.2,4.3,4.1,4.3,
2011-12-31,4.3,5.0,4.2,4.7,
2012-01-01,4.7,5.5,4.6,5.3,
2012-01-02,5.3,5.5,4.8,5.2,
2012-01-03,5.2,5.3,4.7,4.9,
2012-01-04,4.9,5.7,4.8,5.6,
2012-01-05,5.6,7.2,5.6,6.9,
2012-01-06,6.9,7.2,6.1,6.7,
2012-01-07,6.7,7.0,6.4,6.8,
2012-01-08,6.8,7.2,6.7,7.1,
2012-01-09,7.1,7.2,5.8,6.3,
2012-01-10,6.3,6.9,6.0,6.4,
2012-01-11,6.4,7.1,6.4,6.9,
2012-01-12,6.9,7.0,6.3,6.8,
2012-01-13,6.8,6.8,6.4,6.4,
2012-01-14,6.4,6.9,6.2,6.8,
2012-01-15,6.8,7.1,6.7,7.0,
2012-01-16,7.0,7.2,6.5,6.7,
2012-01-17,6.7,6.9,4.6,5.6,
2012-01-18,5.6,6.9,5.1,5.9,
2012-01-19,5.9,6.4,5.9,6.4,
2012-01-20,6.4,6.6,6.3,6.5,
2012-01-21,6.5,6.6,6.1,6.2,
2012-01-22,6.2,6.4,6.1,6.3,
2012-01-23,6.3,6.4,6.2,6.4,
2012-01-24,6.4,6.4,6.2,6.3,
2012-01-25,6.3,6.3,5.5,5.8,
2012-01-26,5.8,5.9,5.3,5.3,
2012-01-27,5.3,5.5,5.1,5.3,
2012-01-28,5.3,5.8,5.3,5.6,
2012-01-29,5.6,5.7,5.3,5.4,
2012-01-30,5.4,5.6,5.4,5.5,
2012-01-31,5.5,5.7,5.4,5.5,
2012-02-01,5.5,6.2,5.5,6.1,
2012-02-02,6.1,6.2,5.8,6.1,
2012-02-03,6.1,6.1,5.7,6.0,
2012-02-04,6.0,6.0,5.8,5.9,
2012-02-05,5.9,5.9,5.4,5.7,
2012-02-06,5.7,5.7,5.4,5.4,
2012-02-07,5.4,5.8,5.4,5.7,
2012-02-08,5.7,5.8,5.3,5.6,
2012-02-09,5.6,5.9,5.5,5.8,
2012-02-10,5.8,6.0,5.8,5.9,
2012-02-11,5.9,6.0,5.5,5.6,
2012-02-12,5.6,5.8,5.4,5.5,
2012-02-13,5.5,5.7,5.2,5.3,
2012-02-14,5.3,5.4,4.2,4.5,
2012-02-15,4.5,4.9,4.2,4.3,
2012-02-16,4.3,4.4,3.9,4.3,
2012-02-17,4.3,4.8,4.2,4.4,
2012-02-18,4.4,4.5,4.1,4.2,
2012-02-19,4.2,4.5,4.2,4.4,
2012-02-20,4.4,4.5,4.3,4.4,
2012-02-21,4.4,4.4,4.2,4.3,
2012-02-22,4.3,4.5,4.3,4.4,
2012-02-23,4.4,5.2,4.4,5.0,
2012-02-24,5.0,5.1,4.8,5.0,
2012-02-25,5.0,5.1,4.7,4.8,
2012-02-26,4.8,5.1,4.8,4.9,
2012-02-27,4.9,5.0,4.9,5.0,
2012-02-28,5.0,5.0,4.7,4.9,
2012-02-29,4.9,4.9,4.8,4.9,
2012-03-01,4.9,5.0,4.9,4.9,
2012-03-02,4.9,4.9,4.5,4.7,
2012-03-03,4.7,4.8,4.5,4.6,
2012-03-04,4.6,4.9,4.6,4.8,
2012-03-05,4.8,5.1,4.8,5.0,
2012-03-06,5.0,5.1,4.9,5.0,
2012-03-07,5.0,5.1,4.8,4.9,
2012-03-08,4.9,5.0,4.8,4.9,
2012-03-09,4.9,4.9,4.8,4.9,
2012-03-10,4.9,4.9,4.8,4.8,
2012-03-11,4.8,5.0,4.8,4.9,
2012-03-12,4.9,4.9,4.9,4.9,
2012-03-13,4.9,5.4,4.9,5.3,
2012-03-14,5.3,5.4,5.3,5.4,
2012-03-15,5.4,5.4,5.3,5.3,
2012-03-16,5.3,5.4,5.3,5.3,
2012-03-17,5.3,5.4,5.2,5.2,
2012-03-18,5.2,5.3,5.2,5.3,
2012-03-19,5.3,5.3,4.5,4.7,
2012-03-20,4.7,4.9,4.6,4.8,
2012-03-21,4.8,4.9,4.8,4.8,
2012-03-22,4.8,4.9,4.6,4.7,
2012-03-23,4.7,4.8,4.6,4.7,
2012-03-24,4.7,4.7,4.6,4.7,
2012-03-25,4.7,4.7,4.3,4.6,
2012-03-26,4.6,4.7,4.5,4.6,
2012-03-27,4.6,4.8,4.5,4.8,
2012-03-28,4.8,4.8,4.7,4.8,
2012-03-29,4.8,4.9,4.7,4.8,
2012-03-30,4.8,4.9,4.7,4.9,
2012-03-31,4.9,4.9,4.8,4.9,
2012-04-01,4.9,4.9,4.7,4.8,
2012-04-02,4.8,5.1,4.8,5.0,
2012-04-03,5.0,5.0,4.8,4.9,
2012-04-04,4.9,5.0,4.9,4.9,
2012-04-05,4.9,4.9,4.9,4.9,
2012-04-06,4.9,5.0,4.9,4.9,
2012-04-07,4.9,4.9,4.7,4.7,
2012-04-08,4.7,4.8,4.6,4.8,
2012-04-09,4.8,4.9,4.7,4.9,
2012-04-10,4.9,4.9,4.8,4.8,
2012-04-11,4.8,5.0,4.8,4.9,
2012-04-12,4.9,4.9,4.8,4.9,
2012-04-13,4.9,4.9,4.7,4.9,
2012-04-14,4.9,5.0,4.9,5.0,
2012-04-15,5.0,5.0,4.9,5.0,
2012-04-16,5.0,5.0,4.9,4.9,
2012-04-17,4.9,5.0,4.9,5.0,
2012-04-18,5.0,5.2,5.0,5.1,
2012-04-19,5.1,5.2,5.1,5.1,
2012-04-20,5.1,5.5,5.1,5.3,
2012-04-21,5.3,5.5,5.1,5.3,
2012-04-22,5.3,5.3,5.1,5.2,
2012-04-23,5.2,5.2,5.0,5.0,
2012-04-24,5.0,5.2,4.9,5.1,
2012-04-25,5.1,5.2,5.0,5.1,
2012-04-26,5.1,5.2,5.0,5.1,
2012-04-27,5.1,5.1,5.0,5.1,
2012-04-28,5.1,5.1,4.8,5.0,
2012-04-29,5.0,5.0,4.9,4.9,
2012-04-30,4.9,5.0,4.9,4.9,
2012-05-01,4.9,5.0,4.9,5.0,
2012-05-02,5.0,5.2,5.0,5.1,
2012-05-03,5.1,5.2,5.0,5.1,
2012-05-04,5.1,5.2,5.1,5.1,
2012-05-05,5.1,5.1,5.0,5.1,
2012-05-06,5.1,5.1,5.0,5.1,
2012-05-07,5.1,5.1,5.0,5.1,
2012-05-08,5.1,5.1,5.0,5.1,
2012-05-09,5.1,5.1,5.0,5.0,
2012-05-10,5.0,5.1,4.8,4.8,
2012-05-11,4.8,5.0,4.8,5.0,
2012-05-12,5.0,5.0,4.9,4.9,
2012-05-13,4.9,5.0,4.9,4.9,
2012-05-14,4.9,5.0,4.9,5.0,
2012-05-15,5.0,5.0,4.9,5.0,
2012-05-16,5.0,5.1,5.0,5.1,
2012-05-17,5.1,5.1,5.1,5.1,
2012-05-18,5.1,5.1,5.1,5.1,
2012-05-19,5.1,5.1,5.1,5.1,
2012-05-20,5.1,5.2,5.1,5.1,
2012-05-21,5.1,5.1,5.1,5.1,
2012-05-22,5.1,5.1,5.1,5.1,
2012-05-23,5.1,5.2,5.1,5.1,
2012-05-24,5.1,5.2,5.1,5.1,
2012-05-25,5.1,5.2,5.1,5.2,
2012-05-26,5.2,5.2,5.1,5.1,
2012-05-27,5.1,5.2,5.1,5.1,
2012-05-28,5.1,5.2,5.1,5.1,
2012-05-29,5.1,5.2,5.0,5.2,
2012-05-30,5.2,5.2,5.1,5.1,
2012-05-31,5.1,5.2,5.1,5.2,
2012-06-01,5.2,5.3,5.2,5.3,
2012-06-02,5.3,5.3,5.2,5.3,
2012-06-03,5.3,5.3,5.2,5.2,
2012-06-04,5.2,5.3,5.2,5.3,
2012-06-05,5.3,5.5,5.2,5.4,
2012-06-06,5.4,5.5,5.4,5.5,
2012-06-07,5.5,5.6,5.4,5.6,
2012-06-08,5.6,5.7,5.6,5.6,
2012-06-09,5.6,5.7,5.5,5.6,
2012-06-10,5.6,5.6,5.4,5.5,
2012-06-11,5.5,5.6,5.4,5.6,
2012-06-12,5.6,5.8,5.5,5.7,
2012-06-13,5.7,6.0,5.7,5.9,
2012-06-14,5.9,6.0,5.8,5.9,
2012-06-15,5.9,6.6,5.9,6.5,
2012-06-16,6.5,6.6,6.3,6.4,
2012-06-17,6.4,6.5,6.1,6.2,
2012-06-18,6.2,6.4,6.0,6.3,
2012-06-19,6.3,6.5,6.3,6.5,
2012-06-20,6.5,6.7,6.4,6.7,
2012-06-21,6.7,6.8,6.6,6.7,
2012-06-22,6.7,6.8,6.4,6.6,
2012-06-23,6.6,6.7,6.4,6.4,
2012-06-24,6.4,6.5,6.3,6.3,
2012-06-25,6.3,6.4,6.2,6.3,
2012-06-26,6.3,6.5,6.3,6.4,
2012-06-27,6.4,6.7,6.4,6.7,
2012-06-28,6.7,6.7,6.5,6.6,
2012-06-29,6.6,6.7,6.5,6.7,
2012-06-30,6.7,6.7,6.6,6.7,
2012-07-01,6.7,6.7,6.5,6.6,
2012-07-02,6.6,6.8,6.6,6.8,
2012-07-03,6.8,6.8,6.4,6.4,
2012-07-04,6.4,6.6,6.4,6.5,
2012-07-05,6.5,6.8,6.5,6.7,
2012-07-06,6.7,6.7,6.6,6.7,
2012-07-07,6.7,6.9,6.6,6.8,
2012-07-08,6.8,6.9,6.7,6.8,
2012-07-09,6.8,7.1,6.7,7.0,
2012-07-10,7.0,7.3,7.0,7.2,
2012-07-11,7.2,7.3,7.0,7.2,
2012-07-12,7.2,7.9,7.1,7.8,
2012-07-13,7.8,7.8,7.4,7.7,
2012-07-14,7.7,7.7,7.5,7.5,
2012-07-15,7.5,7.7,7.4,7.6,
2012-07-16,7.6,8.6,7.6,8.5,
2012-07-17,8.5,9.5,7.3,8.8,
2012-07-18,8.8,9.4,8.5,9.1,
2012-07-19,9.1,9.2,8.8,8.9,
2012-07-20,8.9,8.9,7.6,8.5,
2012-07-21,8.5,9.7,8.0,8.9,
2012-07-22,8.9,9.0,8.3,8.4,
2012-07-23,8.4,9.2,7.8,8.4,
2012-07-24,8.4,8.9,8.3,8.6,
2012-07-25,8.6,8.9,8.4,8.8,
2012-07-26,8.8,8.9,8.6,8.9,
2012-07-27,8.9,8.9,8.8,8.9,
2012-07-28,8.9,8.9,8.7,8.9,
2012-07-29,8.9,8.9,8.7,8.7,
2012-07-30,8.7,9.1,8.7,9.1,
2012-07-31,9.1,9.4,9.1,9.4,
2012-08-01,9.4,9.6,9.1,9.6,
2012-08-02,9.6,11.0,9.4,10.5,
2012-08-03,10.5,11.1,10.3,11.0,
2012-08-04,11.0,11.3,10.5,11.0,
2012-08-05,11.0,11.3,10.1,10.9,
2012-08-06,10.9,11.2,10.6,10.9,
2012-08-07,10.9,11.1,10.6,11.1,
2012-08-08,11.1,11.1,10.9,11.1,
2012-08-09,11.1,12.0,10.8,11.1,
2012-08-10,11.1,11.6,11.0,11.4,
2012-08-11,11.4,11.6,11.4,11.5,
2012-08-12,11.5,11.8,11.4,11.6,
2012-08-13,11.6,12.1,11.5,12.0,
2012-08-14,12.0,12.3,11.9,12.2,
2012-08-15,12.2,13.3,12.2,13.3,
2012-08-16,13.3,13.8,12.5,13.5,
2012-08-17,13.5,15.4,10.6,11.6,
2012-08-18,11.6,12.9,11.0,11.6,
2012-08-19,11.6,11.6,7.6,8.0,
2012-08-20,8.0,10.5,7.8,10.1,
2012-08-21,10.1,10.3,9.7,9.9,
2012-08-22,9.9,10.1,9.6,9.8,
2012-08-23,9.8,10.3,9.7,10.1,
2012-08-24,10.1,10.6,9.9,10.6,
2012-08-25,10.6,10.6,10.2,10.5,
2012-08-26,10.5,10.6,10.4,10.6,
2012-08-27,10.6,12.1,10.5,10.9,
2012-08-28,10.9,11.2,10.5,10.9,
2012-08-29,10.9,11.1,10.6,10.9,
2012-08-30,10.9,10.9,10.6,10.8,
2012-08-31,10.8,10.8,9.7,10.2,
2012-09-01,10.2,10.3,9.8,10.0,
2012-09-02,10.0,10.4,9.7,10.2,
2012-09-03,10.2,10.6,10.1,10.5,
2012-09-04,10.5,10.5,10.1,10.4,
2012-09-05,10.4,11.2,10.3,11.0,
2012-09-06,11.0,11.3,10.6,11.2,
2012-09-07,11.2,11.2,10.9,11.0,
2012-09-08,11.0,11.1,10.8,11.0,
2012-09-09,11.0,11.1,10.9,11.0,
2012-09-10,11.0,11.2,10.9,11.2,
2012-09-11,11.2,11.4,10.9,11.3,
2012-09-12,11.3,11.4,10.8,11.4,
2012-09-13,11.4,11.4,11.2,11.4,
2012-09-14,11.4,11.8,11.3,11.7,
2012-09-15,11.7,11.8,11.6,11.8,
2012-09-16,11.8,12.0,11.7,11.9,
2012-09-17,11.9,12.0,11.8,11.9,
2012-09-18,11.9,12.4,11.8,12.3,
2012-09-19,12.3,12.7,12.1,12.6,
2012-09-20,12.6,12.7,12.3,12.3,
2012-09-21,12.3,12.5,12.0,12.4,
2012-09-22,12.4,12.4,12.1,12.2,
2012-09-23,12.2,12.3,11.6,12.2,
2012-09-24,12.2,12.3,11.9,12.1,
2012-09-25,12.1,12.2,12.0,12.2,
2012-09-26,12.2,12.5,12.0,12.3,
2012-09-27,12.3,12.4,12.2,12.3,
2012-09-28,12.3,12.4,12.1,12.4,
2012-09-29,12.4,12.5,12.2,12.4,
2012-09-30,12.4,12.4,12.3,12.4,
2012-10-01,12.4,12.5,12.3,12.4,
2012-10-02,12.4,12.9,12.3,12.8,
2012-10-03,12.8,13.0,12.7,12.9,
2012-10-04,12.9,13.1,12.6,12.9,
2012-10-05,12.9,13.0,12.5,12.7,
2012-10-06,12.7,12.9,12.4,12.5,
2012-10-07,12.5,12.6,11.7,11.8,
2012-10-08,11.8,11.9,10.6,11.8,
2012-10-09,11.8,12.4,11.6,11.9,
2012-10-10,11.9,12.2,11.8,12.1,
2012-10-11,12.1,12.1,11.9,12.0,
2012-10-12,12.0,12.1,11.9,12.0,
2012-10-13,12.0,12.1,11.9,11.9,
2012-10-14,11.9,12.0,11.5,11.7,
2012-10-15,11.7,12.0,11.4,11.8,
2012-10-16,11.8,12.0,11.5,11.9,
2012-10-17,11.9,12.0,11.7,11.8,
2012-10-18,11.8,12.0,11.8,11.9,
2012-10-19,11.9,12.0,11.6,11.7,
2012-10-20,11.7,11.9,11.6,11.7,
2012-10-21,11.7,11.8,11.6,11.6,
2012-10-22,11.6,11.8,11.5,11.7,
2012-10-23,11.7,12.0,11.4,11.6,
2012-10-24,11.6,11.8,11.6,11.6,
2012-10-25,11.6,11.7,10.5,10.9,
2012-10-26,10.9,10.9,9.7,10.2,
2012-10-27,10.2,10.8,9.8,10.3,
2012-10-28,10.3,10.9,10.3,10.7,
2012-10-29,10.7,10.9,10.3,10.6,
2012-10-30,10.6,10.9,10.6,10.9,
2012-10-31,10.9,11.2,10.7,11.2,
2012-11-01,11.2,11.3,10.4,10.6,
2012-11-02,10.6,10.8,10.3,10.5,
2012-11-03,10.5,10.6,10.4,10.6,
2012-11-04,10.6,10.9,10.5,10.8,
2012-11-05,10.8,10.9,10.6,10.8,
2012-11-06,10.8,10.9,10.7,10.9,
2012-11-07,10.9,11.2,10.8,10.9,
2012-11-08,10.9,11.1,10.8,10.9,
2012-11-09,10.9,11.0,10.8,10.8,
2012-11-10,10.8,11.0,10.8,10.9,
2012-11-11,10.9,10.9,10.7,10.9,
2012-11-12,10.9,11.2,10.8,11.0,
2012-11-13,11.0,11.1,10.9,10.9,
2012-11-14,10.9,11.1,10.8,10.9,
2012-11-15,10.9,11.3,10.9,11.2,
2012-11-16,11.2,11.8,11.2,11.8,
2012-11-17,11.8,11.8,11.5,11.8,
2012-11-18,11.8,11.8,11.6,11.6,
2012-11-19,11.6,11.8,11.6,11.8,
2012-11-20,11.8,11.8,11.6,11.7,
2012-11-21,11.7,11.8,11.6,11.8,
2012-11-22,11.8,12.4,11.7,12.4,
2012-11-23,12.4,12.4,12.1,12.4,
2012-11-24,12.4,12.5,12.3,12.4,
2012-11-25,12.4,12.6,12.3,12.5,
2012-11-26,12.5,12.6,11.9,12.3,
2012-11-27,12.3,12.3,11.9,12.2,
2012-11-28,12.2,12.4,12.1,12.4,
2012-11-29,12.4,12.6,12.1,12.4,
2012-11-30,12.4,12.6,12.4,12.6,
2012-12-01,12.6,12.7,12.5,12.6,
2012-12-02,12.6,12.7,12.4,12.5,
2012-12-03,12.5,12.7,12.5,12.7,
2012-12-04,12.7,13.5,12.6,13.4,
2012-12-05,13.4,13.4,13.1,13.4,
2012-12-06,13.4,13.7,12.9,13.3,
2012-12-07,13.3,13.6,13.0,13.5,
2012-12-08,13.5,13.6,13.4,13.4,
2012-12-09,13.4,13.5,13.0,13.4,
2012-12-10,13.4,13.6,13.3,13.4,
2012-12-11,13.4,13.7,13.3,13.6,
2012-12-12,13.6,13.8,13.3,13.7,
2012-12-13,13.7,13.8,13.5,13.7,
2012-12-14,13.7,13.9,13.0,13.6,
2012-12-15,13.6,13.6,13.4,13.5,
2012-12-16,13.5,13.7,13.1,13.3,
2012-12-17,13.3,13.5,12.8,13.3,
2012-12-18,13.3,13.4,13.1,13.3,
2012-12-19,13.3,13.6,13.2,13.6,
2012-12-20,13.6,13.7,13.3,13.5,
2012-12-21,13.5,13.6,13.4,13.5,
2012-12-22,13.5,13.6,13.3,13.4,
2012-12-23,13.4,13.5,13.0,13.3,
2012-12-24,13.3,13.4,13.2,13.4,
2012-12-25,13.4,13.4,13.1,13.4,
2012-12-26,13.4,13.5,13.2,13.5,
2012-12-27,13.5,13.5,13.3,13.4,
2012-12-28,13.4,13.6,13.3,13.4,
2012-12-29,13.4,13.7,13.3,13.4,
2012-12-30,13.4,13.6,13.4,13.4,
2012-12-31,13.4,13.6,13.4,13.5,
2013-01-01,13.5,13.6,13.2,13.3,
2013-01-02,13.3,13.4,13.2,13.3,
2013-01-03,13.3,13.5,13.3,13.4,
2013-01-04,13.4,13.5,13.3,13.5,
2013-01-05,13.5,13.6,13.3,13.4,
2013-01-06,13.4,13.5,13.4,13.4,
2013-01-07,13.4,13.6,13.4,13.6,
2013-01-08,13.6,13.9,13.5,13.7,
2013-01-09,13.7,13.9,13.6,13.8,
2013-01-10,13.8,14.3,13.8,14.1,
2013-01-11,14.1,14.4,13.9,14.1,
2013-01-12,14.1,14.3,14.0,14.2,
2013-01-13,14.2,14.3,13.9,14.1,
2013-01-14,14.1,14.4,14.1,14.3,
2013-01-15,14.3,14.5,14.0,14.3,
2013-01-16,14.3,14.7,14.2,14.7,
2013-01-17,14.7,15.7,14.6,15.5,
2013-01-18,15.5,16.0,15.4,15.7,
2013-01-19,15.7,15.8,15.3,15.6,
2013-01-20,15.6,15.9,15.5,15.7,
2013-01-21,15.7,17.0,15.6,16.8,
2013-01-22,16.8,17.6,16.6,17.3,
2013-01-23,17.3,17.6,16.8,17.5,
2013-01-24,17.5,19.2,15.6,16.9,
2013-01-25,16.9,17.8,15.4,17.4,
2013-01-26,17.4,17.9,16.5,17.9,
2013-01-27,17.9,18.0,17.2,17.8,
2013-01-28,17.8,18.9,17.8,18.7,
2013-01-29,18.7,19.8,18.7,19.5,
2013-01-30,19.5,19.8,19.1,19.7,
2013-01-31,19.7,21.4,19.5,20.4,
2013-02-01,20.4,21.1,20.3,20.5,
2013-02-02,20.5,20.5,18.0,19.6,
2013-02-03,19.6,20.9,19.4,20.6,
2013-02-04,20.6,21.0,19.9,20.4,
2013-02-05,20.4,20.8,20.2,20.6,
2013-02-06,20.6,21.3,20.6,21.2,
2013-02-07,21.2,22.2,20.8,22.1,
2013-02-08,22.1,22.8,22.0,22.7,
2013-02-09,22.7,24.0,22.6,23.6,
2013-02-10,23.6,24.1,22.7,24.0,
2013-02-11,24.0,24.7,23.6,24.6,
2013-02-12,24.6,25.8,24.3,25.2,
2013-02-13,25.2,26.3,24.2,24.2,
2013-02-14,24.2,27.6,21.7,27.2,
2013-02-15,27.2,27.5,26.1,27.1,
2013-02-16,27.1,27.5,26.8,27.2,
2013-02-17,27.2,27.4,25.0,26.8,
2013-02-18,26.8,27.1,26.4,27.0,
2013-02-19,27.0,29.6,26.8,29.4,
2013-02-20,29.4,29.9,29.0,29.6,
2013-02-21,29.6,30.0,29.3,29.8,
2013-02-22,29.8,31.3,29.7,30.3,
2013-02-23,30.3,30.7,28.0,29.8,
2013-02-24,29.8,30.4,29.2,29.9,
2013-02-25,29.9,30.4,29.5,30.4,
2013-02-26,30.4,31.7,30.1,31.1,
2013-02-27,31.1,31.6,30.8,30.9,
2013-02-28,30.9,34.5,30.9,33.4,
2013-03-01,33.4,34.9,32.9,34.5,
2013-03-02,34.5,34.8,33.2,34.3,
2013-03-03,34.3,34.5,33.8,34.5,
2013-03-04,34.5,36.7,34.2,36.2,
2013-03-05,36.2,40.7,36.2,40.3,
2013-03-06,40.3,49.1,40.1,41.0,
2013-03-07,41.0,45.5,33.3,42.0,
2013-03-08,42.0,44.5,41.0,44.2,
2013-03-09,44.2,47.0,43.4,46.8,
2013-03-10,46.8,48.0,45.5,46.0,
2013-03-11,46.0,48.5,45.5,48.4,
2013-03-12,48.4,48.4,36.7,44.3,
2013-03-13,44.3,47.3,43.8,46.9,
2013-03-14,46.9,48.0,46.0,47.2,
2013-03-15,47.2,47.5,46.4,47.0,
2013-03-16,47.0,47.4,46.3,47.0,
2013-03-17,47.0,47.7,46.8,47.4,
2013-03-18,47.4,52.9,47.1,51.6,
2013-03-19,51.6,62.0,50.0,59.1,
2013-03-20,59.1,66.0,57.7,64.5,
2013-03-21,64.5,74.9,63.1,70.8,
2013-03-22,70.8,73.8,65.0,69.9,
2013-03-23,69.9,70.5,52.3,64.3,
2013-03-24,64.3,72.5,62.7,71.5,
2013-03-25,71.5,78.0,69.5,73.6,
2013-03-26,73.6,79.7,73.1,78.5,
2013-03-27,78.5,89.5,78.4,88.9,
2013-03-28,88.9,95.7,75.0,86.2,
2013-03-29,86.2,93.1,83.0,90.5,
2013-03-30,90.5,95.0,87.0,92.2,
2013-03-31,92.2,93.8,91.0,93.0,
2013-04-01,93.0,106.0,92.2,104.0,
2013-04-02,104.0,118.4,99.0,118.0,
2013-04-03,118.0,147.0,110.0,135.0,
2013-04-04,135.0,142.1,116.4,132.1,
2013-04-05,132.1,144.9,130.2,142.3,
2013-04-06,142.3,143.9,139.5,142.6,
2013-04-07,142.6,164.9,142.6,162.3,
2013-04-08,162.3,194.9,162.6,187.5,
2013-04-09,187.5,240.1,186.5,230.0,
2013-04-10,230.0,266.0,105.0,165.0,
2013-04-11,165.0,188.7,110.2,124.9,
2013-04-12,124.9,140.0,54.3,117.0,
2013-04-13,117.0,130.0,85.5,93.0,
2013-04-14,93.0,110.0,84.4,90.0,
2013-04-15,90.0,102.0,71.5,82.4,
2013-04-16,82.4,84.5,50.0,68.4,
2013-04-17,68.4,98.8,63.3,93.1,
2013-04-18,93.1,113.0,86.0,109.0,
2013-04-19,109.0,136.4,105.5,118.5,
2013-04-20,118.5,132.0,115.0,126.6,
2013-04-21,126.6,130.5,110.0,119.2,
2013-04-22,119.2,127.4,118.5,127.4,
2013-04-23,127.4,144.0,125.0,143.5,
2013-04-24,143.5,166.4,141.0,154.2,
2013-04-25,154.2,162.0,120.1,141.7,
2013-04-26,141.7,145.0,121.4,136.9,
2013-04-27,136.9,139.9,122.7,128.0,
2013-04-28,128.0,136.7,127.5,134.4,
2013-04-29,134.4,149.1,133.0,144.0,
2013-04-30,144.0,146.9,134.0,139.2,
2013-05-01,139.2,140.1,104.0,116.4,
2013-05-02,116.4,126.9,91.1,106.3,
2013-05-03,106.3,109.0,79.0,98.1,
2013-05-04,98.1,116.3,92.0,112.9,
2013-05-05,112.9,118.8,107.0,116.0,
2013-05-06,116.0,124.9,106.0,112.3,
2013-05-07,112.3,114.0,97.5,109.6,
2013-05-08,109.6,116.8,109.5,113.2,
2013-05-09,113.2,113.7,108.8,112.8,
2013-05-10,112.8,122.5,111.5,117.7,
2013-05-11,117.7,118.7,113.0,115.6,
2013-05-12,115.6,117.5,112.4,114.8,
2013-05-13,114.8,118.9,114.5,118.0,
2013-05-14,118.0,119.8,109.4,111.4,
2013-05-15,111.4,116.4,103.0,114.2,
2013-05-16,114.2,119.0,112.1,118.2,
2013-05-17,118.2,125.6,116.6,123.5,
2013-05-18,123.5,125.3,122.3,123.2,
2013-05-19,123.2,124.5,119.5,122.5,
2013-05-20,122.5,123.7,120.1,122.0,
2013-05-21,122.0,123.1,121.1,122.9,
2013-05-22,122.9,124.5,122.0,123.8,
2013-05-23,123.8,126.9,123.0,126.3,
2013-05-24,126.3,134.0,125.4,133.1,
2013-05-25,133.1,133.5,128.2,132.0,
2013-05-26,132.0,136.0,130.6,133.5,
2013-05-27,133.5,135.5,124.0,129.8,
2013-05-28,129.8,130.6,125.4,129.0,
2013-05-29,129.0,132.7,127.6,132.3,
2013-05-30,132.3,132.4,126.5,128.8,
2013-05-31,128.8,130.0,126.3,128.8,
2013-06-01,128.8,129.8,127.1,129.3,
2013-06-02,129.3,130.1,115.0,122.5,
2013-06-03,122.5,122.8,115.1,120.7,
2013-06-04,120.7,124.0,118.8,121.4,
2013-06-05,121.4,123.5,119.5,121.9,
2013-06-06,121.9,123.3,117.0,119.0,
2013-06-07,119.0,119.1,106.2,111.0,
2013-06-08,111.0,113.2,107.0,107.9,
2013-06-09,107.9,109.0,88.0,100.4,
2013-06-10,100.4,110.6,95.0,106.3,
2013-06-11,106.3,109.6,103.2,109.0,
2013-06-12,109.0,112.3,106.0,108.8,
2013-06-13,108.8,110.3,100.3,103.9,
2013-06-14,103.9,104.7,97.1,100.0,
2013-06-15,100.0,103.7,97.5,99.8,
2013-06-16,99.8,101.8,98.9,99.9,
2013-06-17,99.9,102.4,98.9,101.9,
2013-06-18,101.9,113.3,101.0,107.3,
2013-06-19,107.3,111.0,104.7,108.3,
2013-06-20,108.3,114.5,107.1,111.3,
2013-06-21,111.3,115.0,107.6,109.5,
2013-06-22,109.5,110.0,107.5,108.2,
2013-06-23,108.2,109.0,106.2,107.9,
2013-06-24,107.9,108.3,100.8,102.1,
2013-06-25,102.1,110.0,100.0,103.3,
2013-06-26,103.3,105.5,101.8,104.0,
2013-06-27,104.0,104.0,100.1,101.7,
2013-06-28,101.7,101.8,92.3,94.7,
2013-06-29,94.7,100.4,93.0,95.0,
2013-06-30,95.0,98.1,93.8,97.5,
2013-07-01,97.5,98.2,86.0,88.1,
2013-07-02,88.1,92.6,87.5,90.4,
2013-07-03,90.4,91.2,76.0,78.9,
2013-07-04,78.9,84.3,72.0,80.0,
2013-07-05,80.0,80.6,65.4,68.5,
2013-07-06,68.5,75.0,66.8,69.7,
2013-07-07,69.7,77.0,66.6,76.5,
2013-07-08,76.5,80.0,72.5,76.0,
2013-07-09,76.0,78.3,72.5,76.7,
2013-07-10,76.7,89.8,75.5,88.0,
2013-07-11,88.0,90.7,85.0,89.0,
2013-07-12,89.0,104.2,88.0,94.0,
2013-07-13,94.0,98.3,87.8,98.3,
2013-07-14,98.3,99.0,92.9,94.4,
2013-07-15,94.4,101.9,93.1,98.9,
2013-07-16,98.9,100.7,96.0,97.1,
2013-07-17,97.1,100.0,96.2,98.5,
2013-07-18,98.5,98.8,86.2,90.1,
2013-07-19,90.1,95.2,87.6,92.0,
2013-07-20,92.0,93.1,89.3,89.8,
2013-07-21,89.8,92.0,88.0,92.0,
2013-07-22,92.0,92.0,89.8,91.6,
2013-07-23,91.6,97.1,91.6,95.6,
2013-07-24,95.6,96.0,92.3,95.1,
2013-07-25,95.1,97.5,93.6,96.9,
2013-07-26,96.9,97.5,96.0,96.0,
2013-07-27,96.0,97.0,93.0,94.4,
2013-07-28,94.4,100.6,94.0,98.8,
2013-07-29,98.8,102.8,98.4,101.5,
2013-07-30,101.5,108.0,100.5,108.0,
2013-07-31,108.0,111.7,103.6,106.2,
2013-08-01,106.2,108.0,103.0,104.0,
2013-08-02,104.0,108.0,101.2,104.5,
2013-08-03,104.5,105.9,102.0,104.9,
2013-08-04,104.9,106.0,103.5,105.1,
2013-08-05,105.1,107.8,105.0,106.7,
2013-08-06,106.7,107.5,105.1,106.6,
2013-08-07,106.6,107.0,105.2,106.0,
2013-08-08,106.0,106.7,101.0,103.1,
2013-08-09,103.1,105.8,101.9,102.8,
2013-08-10,102.8,103.9,102.4,103.0,
2013-08-11,103.0,105.2,102.7,105.0,
2013-08-12,105.0,108.1,103.5,106.8,
2013-08-13,106.8,109.6,104.5,109.6,
2013-08-14,109.6,115.0,108.0,112.6,
2013-08-15,112.6,113.3,108.8,110.0,
2013-08-16,110.0,112.3,108.2,109.0,
2013-08-17,109.0,114.0,108.2,112.8,
2013-08-18,112.8,114.7,112.0,113.4,
2013-08-19,113.4,123.8,111.8,118.5,
2013-08-20,118.5,123.0,116.8,121.2,
2013-08-21,121.2,125.0,119.7,123.3,
2013-08-22,123.3,124.5,120.5,122.0,
2013-08-23,122.0,122.0,118.4,118.5,
2013-08-24,118.5,121.4,118.0,119.6,
2013-08-25,119.6,123.0,119.1,122.1,
2013-08-26,122.1,123.0,119.9,120.1,
2013-08-27,120.1,133.0,120.0,131.3,
2013-08-28,131.3,131.7,128.0,128.8,
2013-08-29,128.8,131.2,128.2,129.3,
2013-08-30,129.3,142.8,128.6,138.0,
2013-08-31,138.0,148.7,135.9,141.0,
2013-09-01,141.0,147.3,141.0,146.0,
2013-09-02,146.0,148.5,142.1,144.0,
2013-09-03,144.0,148.9,142.2,144.0,
2013-09-04,144.0,145.8,130.1,132.5,
2013-09-05,132.5,138.0,127.2,130.2,
2013-09-06,130.2,134.0,121.9,121.9,
2013-09-07,121.9,131.0,121.3,129.0,
2013-09-08,129.0,129.9,124.1,126.3,
2013-09-09,126.3,137.5,124.0,133.1,
2013-09-10,133.1,136.0,131.4,132.6,
2013-09-11,132.6,145.9,127.5,142.1,
2013-09-12,142.1,145.5,137.5,139.4,
2013-09-13,139.4,145.6,137.8,140.7,
2013-09-14,140.7,142.0,136.5,136.7,
2013-09-15,136.7,141.0,135.0,138.3,
2013-09-16,138.3,142.2,137.9,139.4,
2013-09-17,139.4,141.4,138.0,139.1,
2013-09-18,139.1,142.0,139.0,140.4,
2013-09-19,140.4,141.2,131.1,135.1,
2013-09-20,135.1,137.3,131.0,133.8,
2013-09-21,133.8,136.0,132.0,134.4,
2013-09-22,134.4,135.0,131.0,134.0,
2013-09-23,134.0,135.0,132.0,133.4,
2013-09-24,133.4,136.6,132.5,134.8,
2013-09-25,134.8,138.0,134.7,135.0,
2013-09-26,135.0,139.0,134.7,137.1,
2013-09-27,137.1,142.7,134.8,138.9,
2013-09-28,138.9,143.0,138.0,142.5,
2013-09-29,142.5,145.8,141.4,143.9,
2013-09-30,143.9,145.8,138.1,141.9,
2013-10-01,141.9,144.4,139.4,140.3,
2013-10-02,140.3,141.9,109.7,123.0,
2013-10-03,123.0,132.0,120.1,131.0,
2013-10-04,131.0,139.8,128.5,136.8,
2013-10-05,136.8,138.0,135.3,136.7,
2013-10-06,136.7,138.0,134.1,137.8,
2013-10-07,137.8,139.0,135.1,135.8,
2013-10-08,135.8,137.8,135.6,136.5,
2013-10-09,136.5,142.1,135.8,139.5,
2013-10-10,139.5,141.7,138.5,140.4,
2013-10-11,140.4,141.9,138.9,140.1,
2013-10-12,140.1,143.1,139.4,142.9,
2013-10-13,142.9,147.6,141.5,147.5,
2013-10-14,147.5,153.7,146.0,151.4,
2013-10-15,151.4,158.1,150.6,158.1,
2013-10-16,158.1,163.0,144.2,152.8,
2013-10-17,152.8,159.9,150.8,157.6,
2013-10-18,157.6,168.3,156.5,168.3,
2013-10-19,168.3,195.8,167.1,183.1,
2013-10-20,183.1,186.1,177.2,186.1,
2013-10-21,186.1,197.4,183.2,192.8,
2013-10-22,192.8,205.5,192.8,203.0,
2013-10-23,203.0,228.0,200.7,228.0,
2013-10-24,228.0,233.4,175.3,207.0,
2013-10-25,207.0,209.0,176.6,197.9,
2013-10-26,197.9,198.4,187.0,188.6,
2013-10-27,188.6,207.8,188.9,206.9,
2013-10-28,206.9,209.8,200.4,206.9,
2013-10-29,206.9,216.5,204.2,216.0,
2013-10-30,216.0,216.5,204.0,208.0,
2013-10-31,208.0,215.0,205.4,211.2,
2013-11-01,211.2,214.9,209.7,213.4,
2013-11-02,213.4,214.9,211.0,211.7,
2013-11-03,211.7,226.9,212.1,224.0,
2013-11-04,224.0,239.0,221.9,238.2,
2013-11-05,238.2,258.9,229.0,251.3,
2013-11-06,251.3,272.5,251.4,264.1,
2013-11-07,264.1,324.2,263.6,309.6,
2013-11-08,309.6,358.0,308.0,355.0,
2013-11-09,355.0,395.0,340.0,367.8,
2013-11-10,367.8,372.5,290.0,336.3,
2013-11-11,336.3,376.0,321.4,363.0,
2013-11-12,363.0,391.8,359.0,380.0,
2013-11-13,380.0,445.0,372.2,434.9,
2013-11-14,434.9,447.5,402.5,433.4,
2013-11-15,433.4,457.9,413.0,433.9,
2013-11-16,433.9,476.9,428.0,462.0,
2013-11-17,462.0,536.8,457.0,528.3,
2013-11-18,528.3,787.9,522.0,785.4,
2013-11-19,785.4,900.9,502.6,645.7,
2013-11-20,645.7,650.0,453.3,638.0,
2013-11-21,638.0,784.3,595.2,764.9,
2013-11-22,764.9,822.0,682.3,802.0,
2013-11-23,802.0,890.0,799.5,832.5,
2013-11-24,832.5,855.0,745.2,795.0,
2013-11-25,795.0,850.0,759.0,830.0,
2013-11-26,830.0,975.0,825.1,970.0,
2013-11-27,970.0,1094.8,914.3,1079.9,
2013-11-28,1079.9,1224.5,1032.1,1101.4,
2013-11-29,1101.4,1241.9,1050.0,1206.9,
2013-11-30,1206.9,1232.9,1150.2,1205.7,
2013-12-01,1205.7,1216.8,840.3,1004.4,
2013-12-02,1004.4,1117.7,975.0,1096.6,
2013-12-03,1096.6,1185.6,1064.9,1154.9,
2013-12-04,1154.9,1239.7,1131.3,1237.6,
2013-12-05,1237.6,1239.9,870.0,1106.3,
2013-12-06,1106.3,1118.9,800.1,845.0,
2013-12-07,845.0,896.0,576.0,697.0,
2013-12-08,697.0,829.0,653.0,804.0,
2013-12-09,804.0,980.0,787.7,919.0,
2013-12-10,919.0,1067.7,912.0,1033.7,
2013-12-11,1033.7,1056.8,856.1,919.9,
2013-12-12,919.9,941.0,839.5,900.0,
2013-12-13,900.0,989.9,882.1,936.8,
2013-12-14,936.8,947.9,875.1,908.9,
2013-12-15,908.9,927.9,838.0,919.9,
2013-12-16,919.9,924.9,714.0,759.9,
2013-12-17,759.9,780.0,678.9,715.0,
2013-12-18,715.0,717.0,454.9,541.0,
2013-12-19,541.0,746.0,522.4,732.0,
2013-12-20,732.0,774.4,621.3,650.0,
2013-12-21,650.0,690.0,610.0,640.5,
2013-12-22,640.5,699.9,615.0,639.5,
2013-12-23,639.5,724.9,631.0,713.2,
2013-12-24,713.2,729.9,666.0,702.8,
2013-12-25,702.8,710.0,673.9,707.3,
2013-12-26,707.3,829.6,707.2,802.0,
2013-12-27,802.0,836.8,767.9,803.0,
2013-12-28,803.0,806.0,715.6,762.0,
2013-12-29,762.0,804.0,735.0,785.0,
2013-12-30,785.0,818.8,781.0,804.8,
2013-12-31,804.8,813.9,777.0,805.9,
2014-01-01,805.9,829.9,771.0,815.9,
2014-01-02,815.9,886.2,810.5,856.9,
2014-01-03,856.9,888.2,839.4,884.3,
2014-01-04,884.3,932.2,848.3,924.7,
2014-01-05,924.7,1029.9,911.4,1014.7,
2014-01-06,1014.7,1093.4,964.7,1012.7,
2014-01-07,1012.7,1044.0,879.8,879.9,
2014-01-08,879.9,966.9,858.9,938.8,
2014-01-09,938.8,964.6,866.5,937.0,
2014-01-10,937.0,964.8,905.9,957.8,
2014-01-11,957.8,1010.8,935.0,1005.3,
2014-01-12,1005.3,1022.7,922.1,939.8,
2014-01-13,939.8,949.2,879.9,922.9,
2014-01-14,922.9,942.5,904.2,919.3,
2014-01-15,919.3,973.1,915.1,941.2,
2014-01-16,941.2,955.5,910.5,913.5,
2014-01-17,913.5,929.8,867.2,894.2,
2014-01-18,894.2,924.7,884.7,905.7,
2014-01-19,905.7,958.1,901.9,954.8,
2014-01-20,954.8,980.5,926.0,956.0,
2014-01-21,956.0,974.3,943.2,962.2,
2014-01-22,962.2,973.9,935.0,951.0,
2014-01-23,951.0,958.1,936.3,944.2,
2014-01-24,944.2,949.5,902.9,916.5,
2014-01-25,916.5,978.4,915.9,961.0,
2014-01-26,961.0,1038.1,950.7,1007.0,
2014-01-27,1007.0,1021.5,937.2,943.5,
2014-01-28,943.5,972.6,911.7,932.7,
2014-01-29,932.7,950.6,918.9,925.7,
2014-01-30,925.7,953.2,909.5,941.4,
2014-01-31,941.4,954.7,924.6,938.8,
2014-02-01,938.8,969.2,927.8,940.4,
2014-02-02,940.4,959.4,934.4,953.3,
2014-02-03,953.3,959.6,931.7,931.7,
2014-02-04,931.7,949.1,900.8,926.6,
2014-02-05,926.6,939.8,890.0,904.5,
2014-02-06,904.5,908.8,800.9,828.9,
2014-02-07,828.9,833.1,651.7,695.7,
2014-02-08,695.7,719.3,632.1,648.8,
2014-02-09,648.8,694.1,622.5,659.6,
2014-02-10,659.6,700.0,500.0,582.6,
2014-02-11,582.6,609.7,550.2,579.0,
2014-02-12,579.0,585.1,511.9,531.1,
2014-02-13,531.1,549.2,451.3,451.4,
2014-02-14,451.4,500.0,302.2,427.7,
2014-02-15,427.7,447.9,310.1,371.1,
2014-02-16,371.1,540.0,220.4,299.8,
2014-02-17,299.8,411.2,263.4,272.3,
2014-02-18,272.3,370.1,248.3,294.0,
2014-02-19,294.0,308.6,257.2,261.5,
2014-02-20,261.5,271.6,109.2,111.9,
2014-02-21,111.9,160.1,91.7,111.6,
2014-02-22,111.6,290.6,96.7,255.6,
2014-02-23,255.6,349.1,220.3,310.2,
2014-02-24,310.2,316.9,131.9,174.0,
2014-02-25,174.0,174.6,102.3,135.8,
2014-02-26,135.8,650.0,522.8,593.1,
2014-02-27,593.1,629.9,580.5,596.5,
2014-02-28,596.5,599.0,570.0,573.9,
2014-03-01,573.9,564.1,262.8,557.4,
2014-03-02,557.4,562.9,541.5,544.6,
2014-03-03,544.6,695.4,545.4,662.2,
2014-03-04,662.2,686.2,645.2,661.8,
2014-03-05,661.8,666.0,636.8,658.3,
2014-03-06,658.3,661.8,636.2,648.3,
2014-03-07,648.3,655.2,600.3,616.7,
2014-03-08,616.7,625.7,588.6,609.2,
2014-03-09,609.2,637.6,598.5,627.0,
2014-03-10,627.0,633.7,594.7,613.0,
2014-03-11,613.0,619.7,599.9,608.7,
2014-03-12,608.7,640.8,608.2,619.4,
2014-03-13,619.4,636.1,616.1,625.0,
2014-03-14,625.0,631.2,610.6,614.0,
2014-03-15,614.0,628.8,609.2,624.0,
2014-03-16,624.0,627.3,613.2,619.1,
2014-03-17,619.1,622.5,602.7,606.4,
2014-03-18,606.4,611.7,585.7,598.9,
2014-03-19,598.9,607.1,590.1,595.0,
2014-03-20,595.0,598.4,560.3,566.0,
2014-03-21,566.0,587.4,540.2,549.6,
2014-03-22,549.6,570.0,537.2,564.3,
2014-03-23,564.3,564.3,538.6,551.2,
2014-03-24,551.2,572.5,531.3,567.6,
2014-03-25,567.6,569.7,550.4,562.9,
2014-03-26,562.9,575.4,546.3,562.5,
2014-03-27,562.5,567.8,460.5,460.5,
2014-03-28,460.5,515.0,453.8,482.6,
2014-03-29,482.6,494.3,473.8,477.1,
2014-03-30,477.1,479.0,424.0,446.9,
2014-03-31,446.9,473.4,422.5,444.7,
2014-04-01,444.7,487.4,438.0,463.5,
2014-04-02,463.5,480.3,409.3,424.4,
2014-04-03,424.4,448.7,386.7,436.3,
2014-04-04,436.3,456.5,415.5,444.4,
2014-04-05,444.4,461.2,439.4,456.6,
2014-04-06,456.6,472.4,446.3,455.7,
2014-04-07,455.7,485.1,448.0,462.4,
2014-04-08,462.4,480.7,457.6,466.6,
2014-04-09,466.6,479.7,451.1,457.3,
2014-04-10,457.3,463.5,384.6,384.6,
2014-04-11,384.6,450.4,355.7,435.1,
2014-04-12,435.1,469.8,428.0,437.6,
2014-04-13,437.6,454.1,409.9,427.6,
2014-04-14,427.6,497.8,420.1,478.4,
2014-04-15,478.4,526.6,466.4,526.4,
2014-04-16,526.4,549.0,496.1,537.0,
2014-04-17,537.0,537.0,486.9,502.0,
2014-04-18,502.0,512.2,472.0,485.5,
2014-04-19,485.5,516.9,473.2,506.0,
2014-04-20,506.0,522.2,488.7,498.5,
2014-04-21,498.5,524.7,490.7,495.2,
2014-04-22,495.2,520.5,483.4,487.9,
2014-04-23,487.9,510.0,482.3,487.3,
2014-04-24,487.3,507.3,477.2,500.3,
2014-04-25,500.3,502.5,438.3,464.5,
2014-04-26,464.5,468.7,448.6,457.9,
2014-04-27,457.9,461.4,437.4,443.2,
2014-04-28,443.2,451.1,420.8,441.9,
2014-04-29,441.9,453.8,430.7,446.1,
2014-04-30,446.1,452.6,430.9,445.6,
2014-05-01,445.6,464.5,444.5,460.1,
2014-05-02,460.1,463.4,442.0,453.7,
2014-05-03,453.7,454.2,429.1,438.6,
2014-05-04,438.6,446.6,428.8,436.0,
2014-05-05,436.0,443.9,426.4,430.9,
2014-05-06,430.9,435.0,420.2,432.2,
2014-05-07,432.2,458.8,423.5,446.5,
2014-05-08,446.5,455.5,439.5,441.1,
2014-05-09,441.1,455.8,438.5,445.5,
2014-05-10,445.5,459.5,441.4,451.9,
2014-05-11,451.9,455.4,429.0,433.2,
2014-05-12,433.2,441.1,430.2,438.2,
2014-05-13,438.2,442.3,432.7,433.9,
2014-05-14,433.9,444.3,433.9,442.6,
2014-05-15,442.6,450.0,441.5,448.1,
2014-05-16,448.1,455.1,441.9,453.6,
2014-05-17,453.6,455.9,452.2,452.8,
2014-05-18,452.8,454.0,449.0,450.1,
2014-05-19,450.1,451.7,441.2,443.9,
2014-05-20,443.9,486.2,437.3,484.6,
2014-05-21,484.6,495.2,481.7,488.8,
2014-05-22,488.8,519.3,485.5,515.4,
2014-05-23,515.4,540.9,515.2,518.1,
2014-05-24,518.1,526.7,510.4,520.5,
2014-05-25,520.5,575.2,520.5,570.4,
2014-05-26,570.4,586.4,564.7,582.0,
2014-05-27,582.0,586.2,555.3,570.1,
2014-05-28,570.1,581.8,562.6,570.8,
2014-05-29,570.8,573.8,557.7,564.4,
2014-05-30,564.4,613.3,564.0,612.3,
2014-05-31,612.3,629.0,604.7,627.9,
2014-06-01,627.9,675.0,622.0,649.8,
2014-06-02,649.8,662.6,625.5,655.5,
2014-06-03,655.5,676.5,631.4,669.4,
2014-06-04,669.4,669.8,602.1,638.9,
2014-06-05,638.9,665.4,635.6,660.2,
2014-06-06,660.2,663.8,647.1,650.4,
2014-06-07,650.4,659.8,641.0,651.7,
2014-06-08,651.7,658.9,648.7,651.0,
2014-06-09,651.0,652.1,639.1,644.3,
2014-06-10,644.3,661.4,641.7,655.6,
2014-06-11,655.6,663.0,642.3,643.0,
2014-06-12,643.0,643.8,591.1,597.1,
2014-06-13,597.1,619.1,594.9,610.3,
2014-06-14,610.3,613.8,563.7,583.4,
2014-06-15,583.4,587.8,560.8,582.3,
2014-06-16,582.3,606.1,580.5,599.1,
2014-06-17,599.1,608.4,594.9,605.1,
2014-06-18,605.1,614.4,603.6,606.2,
2014-06-19,606.2,612.6,598.7,600.2,
2014-06-20,600.2,602.0,587.1,590.8,
2014-06-21,590.8,599.2,584.8,597.0,
2014-06-22,597.0,610.1,592.0,603.6,
2014-06-23,603.6,604.7,582.9,591.2,
2014-06-24,591.2,595.7,585.4,588.8,
2014-06-25,588.8,589.6,566.9,568.5,
2014-06-26,568.5,582.7,565.8,582.7,
2014-06-27,582.7,603.9,580.1,602.2,
2014-06-28,602.2,608.8,594.0,597.6,
2014-06-29,597.6,604.3,593.2,601.1,
2014-06-30,601.1,637.3,596.5,635.1,
2014-07-01,635.1,652.5,634.1,643.2,
2014-07-02,643.2,652.1,604.6,645.7,
2014-07-03,645.7,646.4,633.6,638.0,
2014-07-04,638.0,642.2,623.0,624.0,
2014-07-05,624.0,627.8,619.7,623.0,
2014-07-06,623.0,629.4,622.7,626.7,
2014-07-07,626.7,627.9,607.3,613.6,
2014-07-08,613.6,619.7,609.3,615.3,
2014-07-09,615.3,623.8,610.5,623.0,
2014-07-10,623.0,625.0,611.7,618.4,
2014-07-11,618.4,633.6,616.1,632.9,
2014-07-12,632.9,638.6,625.9,635.9,
2014-07-13,635.9,638.6,627.5,628.0,
2014-07-14,628.0,629.0,616.1,618.3,
2014-07-15,618.3,624.4,617.3,619.6,
2014-07-16,619.6,622.4,614.2,614.8,
2014-07-17,614.8,632.5,610.0,626.6,
2014-07-18,626.6,630.2,617.9,627.5,
2014-07-19,627.5,634.1,625.1,627.0,
2014-07-20,627.0,627.9,620.0,621.0,
2014-07-21,621.0,625.9,615.0,625.1,
2014-07-22,625.1,628.8,620.0,622.5,
2014-07-23,622.5,625.0,621.0,621.7,
2014-07-24,621.7,622.0,599.4,601.9,
2014-07-25,601.9,609.1,597.4,600.5,
2014-07-26,600.5,603.0,593.3,596.0,
2014-07-27,596.0,601.5,593.7,595.0,
2014-07-28,595.0,597.5,578.1,587.9,
2014-07-29,587.9,591.3,579.5,585.8,
2014-07-30,585.8,586.1,564.2,564.6,
2014-07-31,564.6,593.7,564.0,589.5,
2014-08-01,589.5,604.0,586.4,598.8,
2014-08-02,598.8,598.9,587.4,591.7,
2014-08-03,591.7,592.1,580.6,588.9,
2014-08-04,588.9,595.1,586.5,592.8,
2014-08-05,592.8,594.3,585.4,588.8,
2014-08-06,588.8,593.8,587.2,589.8,
2014-08-07,589.8,595.1,587.9,592.8,
2014-08-08,592.8,608.2,592.1,595.8,
2014-08-09,595.8,595.6,587.4,589.5,
2014-08-10,589.5,596.6,588.1,592.1,
2014-08-11,592.1,593.6,571.7,575.9,
2014-08-12,575.9,578.3,562.0,567.7,
2014-08-13,567.7,573.5,523.2,542.1,
2014-08-14,542.1,544.9,495.9,504.8,
2014-08-15,504.8,515.2,483.2,496.5,
2014-08-16,496.5,524.3,483.2,522.0,
2014-08-17,522.0,524.7,478.2,485.5,
2014-08-18,485.5,493.3,450.0,462.2,
2014-08-19,462.2,487.0,455.8,485.1,
2014-08-20,485.1,521.8,468.5,516.8,
2014-08-21,516.8,537.2,511.4,517.9,
2014-08-22,517.9,524.4,500.6,516.1,
2014-08-23,516.1,516.8,494.0,497.7,
2014-08-24,497.7,514.8,496.8,509.7,
2014-08-25,509.7,511.3,499.7,502.9,
2014-08-26,502.9,516.0,501.8,512.6,
2014-08-27,512.6,527.4,512.7,515.2,
2014-08-28,515.2,521.6,503.3,510.8,
2014-08-29,510.8,515.2,506.7,512.6,
2014-08-30,512.6,512.9,503.1,506.0,
2014-08-31,506.0,508.3,478.3,481.8,
2014-09-01,481.8,487.5,471.8,477.2,
2014-09-02,477.2,487.0,470.5,478.9,
2014-09-03,478.9,487.3,476.8,480.0,
2014-09-04,480.0,498.5,476.3,491.0,
2014-09-05,491.0,495.0,483.1,483.6,
2014-09-06,483.6,491.4,480.8,484.5,
2014-09-07,484.5,490.7,478.5,485.8,
2014-09-08,485.8,487.0,469.5,475.7,
2014-09-09,475.7,478.6,467.5,474.9,
2014-09-10,474.9,491.0,471.6,479.7,
2014-09-11,479.7,488.9,474.6,478.5,
2014-09-12,478.5,479.7,471.1,477.7,
2014-09-13,477.7,480.6,474.6,478.2,
2014-09-14,478.2,480.3,472.0,477.7,
2014-09-15,477.7,479.3,473.7,477.7,
2014-09-16,477.7,478.8,464.0,466.8,
